field1,field2,field3
1234,John Doe,johndoe@gmail.com
5678,Jane Smith,janesmith@gmail.com
9101,Bob Johnson,bobjohnson@gmail.com
1121,Ann Taylor,anntaylor@gmail.com
3141,Mark Brown,markbrown@gmail.com
5161,Lisa White,lisawhite@gmail.com
7181,Paul Green,paulgreen@gmail.com
9201,Kate Black,kateblack@gmail.com
1221,Steve Gray,stevegray@gmail.com
3241,Emma Blue,emmablue@gmail.com